participant_id,diet_group,fiber_intake,fermented_foods
1,Vegetarian,20,4
2,Vegan,34,4
3,Vegetarian,28,1
4,Vegetarian,19,0
5,Vegetarian,29,3
6,Omnivore,21,0
7,Vegetarian,26,0
8,Omnivore,17,5
9,Vegan,33,5
10,Vegan,34,6
11,Omnivore,17,6
12,Omnivore,23,0
13,Vegan,15,0
14,Vegetarian,30,4
15,Vegetarian,21,4
16,Vegetarian,23,0
17,Vegetarian,23,1
18,Vegetarian,30,1
19,Vegan,20,0
20,Vegan,15,3
